"sex";"avg(length)";"avg(diameter)";"avg(height)";"avg(whole_weight)";"avg(shucked_weight)";"avg(viscera_weight)";"avg(shell_weight)";"avg(rings)"
"F";0.579093343534813;0.45473221117062;0.158010711553175;1.04653213465953;0.446187834736037;0.230688599846978;0.302009946442235;11.1293
"I";0.427745901639344;0.326494038748137;0.107995529061103;0.431362518628912;0.191035022354694;0.0920100596125186;0.12818219076006;7.8905
"M";0.561390706806282;0.43928664921466;0.151380890052356;0.991459424083769;0.432946007853403;0.215544502617801;0.281969240837696;10.7055
